{
  "accuracy": 0.7551,
  "roc_auc": 0.8357,
  "train_rows": 5634,
  "test_rows": 1409,
  "features": [
    "Tenure Months",
    "Monthly Charges",
    "Phone Service",
    "Multiple Lines",
    "Contract",
    "Tech Support",
    "Payment Method"
  ],
  "classification_report": {
    "0": {
      "precision": 0.8833333333333333,
      "recall": 0.7681159420289855,
      "f1-score": 0.8217054263565892,
      "support": 1035.0
    },
    "1": {
      "precision": 0.5284872298624754,
      "recall": 0.7192513368983957,
      "f1-score": 0.609286523216308,
      "support": 374.0
    },
    "accuracy": 0.7551454932576295,
    "macro avg": {
      "precision": 0.7059102815979044,
      "recall": 0.7436836394636905,
      "f1-score": 0.7154959747864487,
      "support": 1409.0
    },
    "weighted avg": {
      "precision": 0.7891442327669027,
      "recall": 0.7551454932576295,
      "f1-score": 0.7653217004698147,
      "support": 1409.0
    }
  }
}